<?xml version="1.0" encoding="UTF-8"?>
<!DOCTYPE mapper
PUBLIC "-//mybatis.org//DTD Mapper 3.0//EN"
"http://mybatis.org/dtd/mybatis-3-mapper.dtd">

<mapper namespace="Academia">
    <select id="obtenerAcademias" resultType="model.pojos.Academia">
        SELECT * FROM academia
    </select>

    <select id="obtenerCoordinacion" resultType="model.pojos.Academia" parameterType="Integer">
        SELECT * FROM academia WHERE idCoordinador = #{idCoordinador}
    </select>

    <select id="obtenerAcademiaId" resultType="model.pojos.Academia" parameterType="Integer">
        SELECT * FROM academia WHERE idAcademia = #{idAcademia}
    </select>
    
    <select id="obtenerExperienciasEducativas" resultType="model.pojos.ExperienciaEducativa" parameterType="Integer">
        SELECT * FROM experienciaeducativa WHERE idAcademia = #{idAcademia}
    </select>
    
    <insert id="guardarAcademia" parameterType="String">
        INSERT INTO academia (nombre)
        VALUES(#{nombre})
    </insert>
    
    <delete id="eliminarAcademia" parameterType="Integer">
        DELETE FROM academia WHERE idAcademia = #{idAcademia}
    </delete>
    
    <select id="obtenerMaestros" resultType="model.pojos.Maestro" parameterType="Integer">
        SELECT u.idUsuarioAcademico, u.nombre, u.apellidos
        FROM academia a
        INNER JOIN experienciaeducativa e ON a.idAcademia = e.idAcademia
        INNER JOIN curso c ON c.idExperienciaEducativa = e.idExperienciaEducativa
        INNER JOIN periodoc pc ON pc.idCurso = c.idCurso
        INNER JOIN maestro m ON m.idUsuarioAcademico = pc.idMaestro
        INNER JOIN usuarioacademico u ON u.idUsuarioAcademico = m.idUsuarioAcademico
        WHERE a.idAcademia = #{idAcademia}
    </select> 
</mapper>

