<?xml version="1.0" encoding="UTF-8"?>
<!DOCTYPE mapper
PUBLIC "-//mybatis.org//DTD Mapper 3.0//EN"
"http://mybatis.org/dtd/mybatis-3-mapper.dtd">

<mapper namespace="PlanDeTrabajo">
    <select id="obteneridPlanTrabajo" resultType="Integer">
        SELECT MAX(idPlanDeTrabajo) FROM plandetrabajo;
    </select>
    
    <select id="obteneridObjetivoParticular" resultType="Integer">
        SELECT MAX(idObjetivoParticular) FROM objetivoparticular;
    </select>
    
    <select id="obteneridEEPlanTrabajo" resultType="Integer">
        SELECT MAX(idEEPlanTrabajo) FROM eeplantrabajo;
    </select>
    
    <select id="obtenerPlanDeTrabajo" resultType="model.pojos.PlanDeTrabajo" parameterType="Integer">
        SELECT pt.idPlanDeTrabajo, pt.formato,pt.fechaAprobacion,pt.objetivoGeneral,pt.programaEducativo 
        FROM plandetrabajo
        INNER JOIN periodoa pa ON pa.idPlanDeTrabajo = pt.idPlanDeTrabajo 
        WHERE pa.idAcademia = #{idAcademia)
    </select>
            
    <select id="obtenerPlanDeTrabajoEspecifico" resultType="model.pojos.PlanDeTrabajo" parameterType="Integer">
        SELECT idPlanDeTrabajo, formato, fechaAprobacion, objetivoGeneral, programaEducativo 
        FROM plandetrabajo 
        WHERE idPlanDeTrabajo = #{idPlanDeTrabajo}
    </select>
    
    <select id="obtenerObjetivosParticulares" resultType="model.pojos.ObjetivoParticular" parameterType="Integer">
        SELECT * FROM objetivoparticular WHERE idPlanDeTrabajo = #{idPlanDeTrabajo}
    </select>
    
    <select id="obtenerObjetivoParticularEspecifico" resultType="model.pojos.ObjetivoParticular" parameterType="Integer">
        SELECT idObjetivoParticular,objetivo,metas
        FROM objetivoparticular 
        WHERE idPlanDeTrabajo = #{idPlanDeTrabajo}
    </select>
    
    <update id="actualizarPlanDeTrabajoEspecifico" parameterType="model.pojos.PlanDeTrabajo">
        UPDATE plandetrabajo SET
        fechaAprobacion = #{fechaAprobacion},
        objetivoGeneral = #{objetivoGeneral},
        programaEducativo = #{programaEducativo}
        WHERE idPlanDeTrabajo = #{idPlanDeTrabajo}
    </update>
    
    <update id="actualizarObjetivoParticularEspecifico" parameterType="model.pojos.ObjetivoParticular">
        UPDATE objetivoparticular SET
        objetivo = #{objetivo},
        metas = #{metas},
        idPlanDeTrabajo = #{idPlanDeTrabajo}
        WHERE idObjetivoParticular = #{idObjetivoParticular}
    </update>
    
    <update id="actualizarEEPlanDeTrabajo" parameterType="model.pojos.EEPlanTrabajo">
        UPDATE eeplantrabajo SET
        nombre = #{nombre},
        herramientas = #{herramientas},
        idPlanDeTrabajo = #{idPlanDeTrabajo}
        WHERE idEEPlanTrabajo = #{idEEPlanTrabajo}
    </update>
    
    <select id="obtenerActividades" resultType="model.pojos.Actividad" parameterType="Integer">
        SELECT * FROM actividad WHERE idObjetivoParticular = #{idObjetivoParticular}
    </select>
    
    <select id="obtenerEEPlanDeTrabajo" resultType="model.pojos.EEPlanTrabajo" parameterType="Integer">
        SELECT * FROM eeplantrabajo WHERE idPlanDeTrabajo = #{idPlanDeTrabajo}
    </select>
    
    <select id="obtenerEvaluaciones" resultType="model.pojos.Evaluacion" parameterType="Integer">
        SELECT * FROM evaluacion WHERE idEEPlanTrabajo = #{idEEPlanTrabajo}
    </select>
    
    <select id="obtenerTemas" resultType="model.pojos.Tema" parameterType="Integer">
        SELECT * FROM tema WHERE idEEPlanTrabajo = #{idEEPlanTrabajo}
    </select>
    
    <select id="obtenerTemaDeEEPlanTrabajo" resultType="model.pojos.Tema" parameterType="Integer">
        SELECT idTema, primerParcial,segundoParcial, resto
        FROM tema 
        WHERE idEEPlanTrabajo = #{idEEPlanTrabajo}
    </select>
    
    <select id="obtenerParticipantes" resultType="model.pojos.Maestro" parameterType="Integer">
        SELECT u.idUsuarioAcademico, u.nombre, u.apellidos
        FROM participante_plantrabajo ppt
        LEFT OUTER JOIN maestro m ON m.idUsuarioAcademico = ppt.idMaestro
        LEFT OUTER JOIN usuarioacademico u ON u.idUsuarioAcademico = m.idUsuarioAcademico
        WHERE ppt.idPlanDeTrabajo = #{idPlanDeTrabajo}
    </select>
    
    <insert id="guardarEEPlanDeTrabajo" parameterType="model.pojos.EEPlanTrabajo">
        INSERT INTO eeplantrabajo (idEEPlanTrabajo,nombre,herramientas,idPlanDeTrabajo)
        VALUES(#{idEEPlanTrabajo},#{nombre},#{herramientas},#{idPlanDeTrabajo})
    </insert>
    
    <insert id="guardarEvaluacion" parameterType="model.pojos.Evaluacion">
        INSERT INTO evaluacion (porcentaje,instrumento, idEEPlanTrabajo)
        VALUES(#{porcentaje},#{instrumento},#{idEEPlanTrabajo})
    </insert>
    
     <insert id="guardarTema" parameterType="model.pojos.Tema">
        INSERT INTO tema (primerParcial,segundoParcial, resto, idEEPlanTrabajo)
        VALUES(#{primerParcial},#{segundoParcial},#{resto},#{idEEPlanDeTrabajo})
    </insert>
    
    <insert id="guardarObjetivoParticular" parameterType="model.pojos.ObjetivoParticular">
        INSERT INTO objetivoparticular (idObjetivoParticular,objetivo,metas,idPlanDeTrabajo)
        VALUES(#{idObjetivoParticular},#{objetivo},#{metas},#{idPlanDeTrabajo})
    </insert>
    
    <insert id="guardarActividad" parameterType="model.pojos.Actividad">
        INSERT INTO actividad (accion,fecha,formaDeOperar,idObjetivoParticular)
        VALUES(#{accion},#{fecha},#{formaDeOperar},#{idObjetivoParticular})
    </insert>
    
    <insert id="guardarParticipante" parameterType="model.pojos.Participante">
        INSERT INTO participante_plantrabajo (idMaestro, idPlanDeTrabajo)
        VALUES(#{idMaestro},#{idPlanDeTrabajo})
    </insert>
    
    <insert id="guardarPlanDeTrabajo" parameterType="model.pojos.PlanDeTrabajo">
        INSERT INTO plandetrabajo (formato, fechaAprobacion, objetivoGeneral, programaEducativo)
        VALUES(#{formato},#{fechaAprobacion},#{objetivoGeneral},#{programaEducativo})
    </insert>
    
    <delete id="eliminarEvaluacion" parameterType="Integer">
        DELETE FROM evaluacion WHERE idEvaluacion = #{idEvaluacion}
    </delete>
    
    <delete id="eliminarActividad" parameterType="Integer">
        DELETE FROM actividad WHERE idActividad = #{idActividad}
    </delete>
    
    <delete id="eliminarParticipante" parameterType="Integer">
        DELETE FROM participante WHERE idUsuarioAcademico = #{idUsuarioAcademico}
    </delete>
    
    <delete id="eliminarTema" parameterType="Integer">
        DELETE FROM tema WHERE idTema = #{idTema}
    </delete>
    
    <delete id="eliminarObjetivoParticular" parameterType="Integer">
        DELETE FROM objetivoparticular WHERE idObjetivoParticular = #{idObjetivoParticular}
    </delete>
    
    <delete id="eliminarEEPlanTrabajo" parameterType="Integer">
        DELETE FROM eeplantrabajo WHERE idEEPlanTrabajo = #{idEEPlanTrabajo}
    </delete>
   
    <delete id="eliminarPlanDeTrabajo" parameterType="Integer">
        DELETE FROM plandetrabajo WHERE idPlanDeTrabajo = #{idPlanDeTrabajo}
    </delete> 
</mapper>

