<?xml version="1.0" encoding="UTF-8"?>
<project-private xmlns="http://www.netbeans.org/ns/project-private/1">
    <editor-bookmarks xmlns="http://www.netbeans.org/ns/editor-bookmarks/2" lastBookmarkId="0"/>
    <open-files xmlns="http://www.netbeans.org/ns/projectui-open-files/2">
        <group>
            <file>file:/Users/dany/NetBeansProjects/SiAcad/src/controller/PlanDeTrabajoController.java</file>
            <file>file:/Users/dany/NetBeansProjects/SiAcad/src/controller/InicioController.java</file>
            <file>file:/Users/dany/NetBeansProjects/SiAcad/src/controller/DashboardController.java</file>
            <file>file:/Users/dany/NetBeansProjects/SiAcad/src/view/Dashboard.fxml</file>
            <file>file:/Users/dany/NetBeansProjects/SiAcad/src/controller/AsistenteAReunionController.java</file>
            <file>file:/Users/dany/NetBeansProjects/SiAcad/src/controller/EvaluacionController.java</file>
            <file>file:/Users/dany/NetBeansProjects/SiAcad/src/controller/MinutaDeReunionController.java</file>
        </group>
    </open-files>
</project-private>
